{
    "11": {
        "Avg Message Pages": 0.0,
        " Avg Other Pages": 49.32,
        "Proportion of Message Pages": 0.0,
        "Count": 100
    },
    "6": {
        "Avg Message Pages": 637.35,
        " Avg Other Pages": 44.93,
        "Proportion of Message Pages": 0.9341472709151668,
        "Count": 100
    },
    "1": {
        "Avg Message Pages": 0.0,
        " Avg Other Pages": 1190.2673267326732,
        "Proportion of Message Pages": 0.0,
        "Count": 101
    },
    "14": {
        "Avg Message Pages": 362.71,
        " Avg Other Pages": 80.89,
        "Proportion of Message Pages": 0.8176510369702434,
        "Count": 100
    },
    "3": {
        "Avg Message Pages": 50044.06,
        " Avg Other Pages": 135.89,
        "Proportion of Message Pages": 0.9972919462853191,
        "Count": 100
    },
    "10": {
        "Avg Message Pages": 2356.4,
        " Avg Other Pages": 457.98,
        "Proportion of Message Pages": 0.8372714416674365,
        "Count": 100
    },
    "2": {
        "Avg Message Pages": 1018.29,
        " Avg Other Pages": 32.06,
        "Proportion of Message Pages": 0.9694768410529824,
        "Count": 100
    },
    "8": {
        "Avg Message Pages": 7268.38,
        " Avg Other Pages": 93.31,
        "Proportion of Message Pages": 0.9873249213156218,
        "Count": 100
    },
    "13": {
        "Avg Message Pages": 0.0,
        " Avg Other Pages": 16.82,
        "Proportion of Message Pages": 0.0,
        "Count": 100
    },
    "12": {
        "Avg Message Pages": 6458.8,
        " Avg Other Pages": 7.34,
        "Proportion of Message Pages": 0.9988648560037364,
        "Count": 100
    },
    "7": {
        "Avg Message Pages": 12.74,
        " Avg Other Pages": 28.68,
        "Proportion of Message Pages": 0.30758087880251084,
        "Count": 100
    },
    "9": {
        "Avg Message Pages": 30963.5,
        " Avg Other Pages": 107.77,
        "Proportion of Message Pages": 0.9965315225286897,
        "Count": 100
    },
    "5": {
        "Avg Message Pages": 562.37,
        " Avg Other Pages": 3223.93,
        "Proportion of Message Pages": 0.148527586297969,
        "Count": 100
    },
    "4": {
        "Avg Message Pages": 191.08,
        " Avg Other Pages": 31.44,
        "Proportion of Message Pages": 0.858709329498472,
        "Count": 100
    }
}