{
    "13": {
        "Avg Message Pages": 0.0,
        " Avg Other Pages": 16.82,
        "Proportion of Message Pages": 0.0,
        "Count": 100
    },
    "11": {
        "Avg Message Pages": 0.0,
        " Avg Other Pages": 49.32,
        "Proportion of Message Pages": 0.0,
        "Count": 100
    },
    "10": {
        "Avg Message Pages": 1505.32,
        " Avg Other Pages": 457.98,
        "Proportion of Message Pages": 0.766729486069373,
        "Count": 100
    },
    "8": {
        "Avg Message Pages": 6202.46,
        " Avg Other Pages": 93.31,
        "Proportion of Message Pages": 0.9851789376041373,
        "Count": 100
    },
    "3": {
        "Avg Message Pages": 49337.41,
        " Avg Other Pages": 135.89,
        "Proportion of Message Pages": 0.9972532659030224,
        "Count": 100
    },
    "5": {
        "Avg Message Pages": 562.37,
        " Avg Other Pages": 3223.93,
        "Proportion of Message Pages": 0.148527586297969,
        "Count": 100
    },
    "1": {
        "Avg Message Pages": 0.0,
        " Avg Other Pages": 1190.2673267326732,
        "Proportion of Message Pages": 0.0,
        "Count": 101
    },
    "4": {
        "Avg Message Pages": 81.41,
        " Avg Other Pages": 31.44,
        "Proportion of Message Pages": 0.7214000886132034,
        "Count": 100
    },
    "2": {
        "Avg Message Pages": 211.23,
        " Avg Other Pages": 32.06,
        "Proportion of Message Pages": 0.8682231082247523,
        "Count": 100
    },
    "9": {
        "Avg Message Pages": 27774.91,
        " Avg Other Pages": 107.77,
        "Proportion of Message Pages": 0.9961348765613636,
        "Count": 100
    },
    "14": {
        "Avg Message Pages": 81.61,
        " Avg Other Pages": 80.89,
        "Proportion of Message Pages": 0.5022153846153846,
        "Count": 100
    },
    "6": {
        "Avg Message Pages": 605.49,
        " Avg Other Pages": 44.93,
        "Proportion of Message Pages": 0.9309215583776637,
        "Count": 100
    },
    "7": {
        "Avg Message Pages": 9.72,
        " Avg Other Pages": 28.68,
        "Proportion of Message Pages": 0.253125,
        "Count": 100
    },
    "12": {
        "Avg Message Pages": 5852.47,
        " Avg Other Pages": 7.34,
        "Proportion of Message Pages": 0.9987473996597159,
        "Count": 100
    }
}