{
    "10": {
        "Avg Message Pages": 7908.63,
        " Avg Other Pages": 457.98,
        "Proportion of Message Pages": 0.9452609838393328,
        "Count": 100
    },
    "3": {
        "Avg Message Pages": 56497.86,
        " Avg Other Pages": 135.89,
        "Proportion of Message Pages": 0.997600547376785,
        "Count": 100
    },
    "5": {
        "Avg Message Pages": 562.37,
        " Avg Other Pages": 3223.93,
        "Proportion of Message Pages": 0.148527586297969,
        "Count": 100
    },
    "6": {
        "Avg Message Pages": 690.16,
        " Avg Other Pages": 44.93,
        "Proportion of Message Pages": 0.938878232597369,
        "Count": 100
    },
    "2": {
        "Avg Message Pages": 8732.35,
        " Avg Other Pages": 32.06,
        "Proportion of Message Pages": 0.9963420241636345,
        "Count": 100
    },
    "13": {
        "Avg Message Pages": 0.0,
        " Avg Other Pages": 16.82,
        "Proportion of Message Pages": 0.0,
        "Count": 100
    },
    "7": {
        "Avg Message Pages": 28.92,
        " Avg Other Pages": 28.68,
        "Proportion of Message Pages": 0.5020833333333333,
        "Count": 100
    },
    "12": {
        "Avg Message Pages": 7905.8,
        " Avg Other Pages": 7.34,
        "Proportion of Message Pages": 0.9990724288967464,
        "Count": 100
    },
    "1": {
        "Avg Message Pages": 0.0,
        " Avg Other Pages": 1190.2673267326732,
        "Proportion of Message Pages": 0.0,
        "Count": 101
    },
    "4": {
        "Avg Message Pages": 974.21,
        " Avg Other Pages": 31.44,
        "Proportion of Message Pages": 0.9687366379953264,
        "Count": 100
    },
    "9": {
        "Avg Message Pages": 57113.76,
        " Avg Other Pages": 107.77,
        "Proportion of Message Pages": 0.9981166179932623,
        "Count": 100
    },
    "8": {
        "Avg Message Pages": 9408.68,
        " Avg Other Pages": 93.31,
        "Proportion of Message Pages": 0.9901799517785221,
        "Count": 100
    },
    "11": {
        "Avg Message Pages": 0.0,
        " Avg Other Pages": 49.32,
        "Proportion of Message Pages": 0.0,
        "Count": 100
    },
    "14": {
        "Avg Message Pages": 2898.02,
        " Avg Other Pages": 80.89,
        "Proportion of Message Pages": 0.9728457724469689,
        "Count": 100
    }
}